{"task1": [1.1611015532036637, 1.2169686348578783, 3.8171960993534175, 2.1577367083828145, 17.53449972356085, 13.749230523405476, 0.11441551070947108, 0.9750002110024923, 2.0481280123278074, 0.4178554470186725, 7.299732493572025, 5.405127802564358, 2.0541374149458744, 6.71079347281296, 3.03653640842388, 9.498185286556286, 3.7630890450319083, 1.8641906049463526, 10.670770020027398, 5.291772589866002, 0.912245460839306, 0.20732586478679277, 12.816310409006174, 1.6373225835853016, 6.291571550369559, 20.239709319388293, 16.466083091274903, 13.474719001142073, 5.2761044442380856, 0.7250110520819842, 4.519523979103389, 4.225904366704887, 4.775521858228876, 13.912436341952132, 7.24644943484495, 9.313787360469487, 1.0596535411727601, 5.682048493486052, 4.5807379490262905, 3.3300869947532497, 5.307227776030219, 5.6272294256742645, 4.913975701062781, 4.802205375719392, 6.501355432613329, 11.47165060247919, 1.1319709719592113, 4.803995448402746, 3.272807297357087, 15.777869833110813, 4.517699029348238, 0.17814530949575066, 3.5284844379917275, 5.934930515784213, 6.125013426408485, 8.159217498552128, 5.019810939931819, 0.408248290463863, 7.4957996896270505, 4.283283920775676, 0.2637521893583148, 2.049056675010037, 6.8132996874920275, 8.405557343559956, 2.999321190171195, 5.6285099470110636, 3.655702647879198, 2.0465731207219395, 5.879747322073336, 9.329263895676059, 3.139348229106255, 0.5607987647363063, 0.6950480468569159, 10.191007784407427, 4.568082535241728, 9.192388155425117, 1.0021428596001425, 12.690431782391386, 7.765802747153207, 3.212717121212626, 4.218792040149278, 3.5777087639996634, 0.769800358919501, 0.8945002144062506, 5.085382100797452, 6.804547614641353, 6.163512150222625, 2.914609664251715, 7.816784172767301, 0.46205845409189783, 12.28312270520947, 2.0787069844672015, 19.79524821394902, 8.642489395470479, 9.065168465359845, 6.214172255980044, 6.830992648790024, 8.546023022424297, 7.3876871941035835, 0.16442642142942065], "task2": [29.629844392546186, 21.271746037577156, 39.16757069551348, 42.51326464355224, 25.824123847066797, 34.73198427198685, 21.55885231720954, 33.37216354216304, 11.67259342019464, 16.00268923632796, 43.12657326792425, 34.21997853404909, 20.888216691870173, 12.78829382523857, 27.740498610723492, 60.284583447604156, 47.813115009167674, 39.20795949308538, 44.99855363308826, 50.86446402302331, 38.83116116404722, 59.392957484403, 25.413911491336084, 71.75945843853158, 22.96760635960924, 38.847317840059304, 49.72540443722251, 13.25572652532805, 46.97814442596343, 59.34613863761029, 30.025694421014332, 28.48730655364451, 11.630961036030865, 44.00182121996451, 50.82957069220026, 26.300703285972848, 28.636776340207483, 26.64458362899459, 17.962237685763508, 79.26970361214435, 37.71746977588836, 42.45943959519047, 31.750440692451114, 54.19201835801993, 37.18292776267721, 31.233139161747935, 10.094938929963202, 11.407907383792741, 67.0280759933574, 13.732450981215983, 46.14089935983624, 27.233694468304314, 13.353611495921026, 31.34003212071138, 23.560117002291232, 10.784098036359472, 52.597953935085314, 26.188089983639525, 24.203237376117926, 32.17096440245891, 60.342927225129074, 14.150821189505969, 21.34959611292726, 59.81487266684482, 53.61417093306553, 19.769416442436164, 57.50189702547936, 47.79943428631007, 56.56370997403237, 28.088648956083066, 41.14633980228737, 60.33677082915871, 50.780644945666296, 20.68160291420012, 58.59364732196159, 30.717947765057914, 18.29047178467362, 40.40300486527525, 38.883832737126845, 33.543949317442326, 36.075039855631275, 45.403029848286224, 14.018547893393599, 13.003710284704976, 34.480909699518236, 53.84230367340939, 38.769572339816506, 63.14959329256112, 63.49028812855116, 46.3663100485238, 30.669196636966724, 37.70090641078936, 74.26595232040428, 44.22673034873904, 47.638730579388145, 93.14152630609834, 42.01841386689153, 50.06499042492482, 28.87958412285847, 60.53936925942109], "task3": [1.4125013873049006e-13, 9.862199882271804, 8.897637879078598e-14, 1.1883989858089067e-13, 18.606023825206286, 33.24915572374668, 1.0127291151466452e-11, 18.40289500268918, 1.0971003500337819e-14, 1.9125472584304997, 1.4571929239309816e-13, 2.220476468691987e-13, 20.840703895585985, 7.161012785601342, 8.752720997302617e-14, 2.640029979549596e-13, 3.3767222372336465e-13, 36.06229398043925, 31.950108055155233, 49.47766743961915, 1.3969446571405138e-13, 3.397050352587985e-13, 20.984993129103437, 71.3586602397371, 21.938252459321024, 22.60538886311638, 2.084174868119463e-13, 6.782799421513909e-14, 10.166708080096765, 27.582795542235235, 1.0266508899686243e-13, 15.36841043207833, 1.393852288393358e-14, 37.039222055582734, 16.7952643520284, 1.0780311801029028e-13, 23.48480152381295, 7.806335072552013e-14, 3.4889462362783504e-14, 58.56896836761389, 2.7220529794550426e-13, 26.899938193158846, 7.989322466793922e-14, 29.268487639882363, 2.0544007565350126e-13, 9.907851333982318e-14, 1.157015415091029e-13, 11.153330266284868, 37.90067959800954, 6.241802376641544e-14, 1.0348134887215934e-12, 1.0966694021231494e-13, 1.726243031987065e-13, 6.782508657418972e-14, 6.657333715656415e-14, 8.203336925121433e-15, 3.047880410149849e-13, 24.681259935404903, 7.110278307401245e-14, 1.5683468401726042e-13, 24.78391039262209, 5.143732788560026e-14, 1.2420612335037436e-14, 2.1984002767252778e-13, 30.922796070107236, 7.209049146305922e-14, 33.18140357416191, 40.57698323504672, 47.06869032581552, 23.105060836853262, 12.57135391807006, 55.42047170103874, 46.69306616507825, 1.8693596048609147e-13, 27.453599485296905, 1.251592573285794e-13, 2.470463607485348e-13, 1.3184523559221615e-13, 37.415213049382906, 25.446553396419198, 2.036252079453372e-13, 2.268260118906007e-13, 12.824232991262061, 6.793629188352364e-14, 1.2069944945261713e-13, 51.925188034601746, 2.875248593756777e-13, 1.9982903245989805e-13, 46.76862945669892, 43.452573174451175, 6.250373523607247e-14, 33.75394562385229, 68.70629065757944, 1.786937469927177e-13, 37.87654183593753, 91.5601945551715, 30.965349645298705, 3.392709029092768e-13, 1.2452823390513328e-13, 41.15009714892569]}