{"results": [[0.0, {"__ndarray__": [-1.0, 0.0], "dtype": "float64", "shape": [2]}], [2.0, {"__ndarray__": [-1.0, -1.0, -1.0, 1.0, -2.0, -1.0, 2.0, -2.0, 0.875, -1.1428571428571428, 0.25], "dtype": "float64", "shape": [11]}], [-372.99999999999966, {"__ndarray__": [-1.0, -1.0, -2.0, -1.5, 1.3333333333333333, -1.5, -1.0, 1.0, 1.5, -2.0, -2.5, 0.6666666666666667, 2.4999999999999996, 2.48, 0.7043010752688172, 1.351145038167938, 2.107344632768361], "dtype": "float64", "shape": [17]}], [0.0, {"__ndarray__": [0.0, 0.0], "dtype": "float64", "shape": [2]}], [-94.99999999999997, {"__ndarray__": [-1.0, -1.0, 1.0, -2.0, -1.0, -2.0, 2.0, -1.5, -2.0, 0.5, 2.5, 1.1, 1.6363636363636362, -1.759259259259259], "dtype": "float64", "shape": [14]}], [8.00000000000001, {"__ndarray__": [-1.0, 1.0, -2.0, -1.5, -1.0, 1.6666666666666667, 1.4, 1.7142857142857144, -1.2500000000000002, 2.3999999999999995, 1.916666666666667, 1.1304347826086956, -0.3076923076923077, 0.3333333333333337], "dtype": "float64", "shape": [14]}], [199.0000000000001, {"__ndarray__": [-1.0, 1.0, -1.0, -1.0, 2.0, -1.5, 1.0, -3.3333333333333335, 1.8, -1.0, 2.0, -1.111111111111111, 1.2, -1.7500000000000002, 0.547619047619048, 2.739130434782609, -1.8015873015873007, -0.8766519823788548], "dtype": "float64", "shape": [18]}], [224.99999999999991, {"__ndarray__": [-1.0, -1.0, 2.0, -1.5, -1.3333333333333333, -1.25, -1.2, 2.3333333333333335, 1.2857142857142858, 2.7777777777777777, 1.84, -2.3043478260869565, -0.7075471698113207, -2.5333333333333328, 0.7447368421052633, 0.7526501766784451, 1.0563380281690138], "dtype": "float64", "shape": [17]}], [-6.0, {"__ndarray__": [-1.0, -1.0, -1.0, 3.0, -1.0, -0.6666666666666666, 2.0, -1.5], "dtype": "float64", "shape": [8]}], [-755.9999999999998, {"__ndarray__": [-1.0, -1.0, -1.0, 1.0, -2.0, -2.0, -2.0, -1.5, 1.25, -1.6, -1.666666666666667, 0.8499999999999998, -3.2941176470588243, 1.1785714285714284, 2.7272727272727275, 2.0999999999999996], "dtype": "float64", "shape": [16]}], [378.9999999999998, {"__ndarray__": [-1.0, -1.0, 1.0, -2.0, 2.0, -1.0, -1.0, -1.5, -3.5, -2.1904761904761907, -1.1956521739130435, 1.5454545454545456, -0.8235294117647057, 1.1428571428571423, 2.737499999999999, 1.7305936073059365], "dtype": "float64", "shape": [16]}], [-6.000000000000002, {"__ndarray__": [-1.0, 1.0, -1.0, -1.0, 1.0, -3.0, -1.0, -1.0, 1.0, -1.0, -1.6666666666666667, 1.2000000000000004], "dtype": "float64", "shape": [12]}], [-5.0, {"__ndarray__": [-1.0, -1.0, -1.0, -1.0, -2.0, 1.0, -1.0, 2.0, -1.5, 0.5, 1.0, -1.6666666666666665, 1.0], "dtype": "float64", "shape": [13]}], [24.999999999999993, {"__ndarray__": [-1.0, -1.0, -1.0, -2.0, 1.5, -1.6666666666666667, -1.2, -2.0, -1.0000000000000002, -3.666666666666666, 0.909090909090909, -0.49999999999999983, -1.25], "dtype": "float64", "shape": [13]}], [0.0, {"__ndarray__": [-1.0, 0.0, 0.0, 0.0], "dtype": "float64", "shape": [4]}], [18.0, {"__ndarray__": [-1.0, -1.0, 1.0, 1.0, 1.0, -1.0, -3.0, -2.0, 1.3333333333333333, -1.0, 1.5, 1.8333333333333333, -0.8181818181818182], "dtype": "float64", "shape": [13]}], [-20.999999999999996, {"__ndarray__": [-1.0, 1.0, -1.0, 1.0, -1.0, -2.0, -1.0, 1.5, 2.0, -3.0, -1.1666666666666665], "dtype": "float64", "shape": [11]}], [-8.000000000000005, {"__ndarray__": [-1.0, -1.0, -1.0, -2.0, -1.5, 1.0, 1.3333333333333335, -1.0000000000000002, 1.5, -1.0, -2.6666666666666665, -1.5, 0.3333333333333335], "dtype": "float64", "shape": [13]}], [-1.0, {"__ndarray__": [-1.0, -1.0, 1.0, 2.0, -1.0, -1.5, -0.3333333333333333], "dtype": "float64", "shape": [7]}], [148.0, {"__ndarray__": [-1.0, -1.0, -1.0, -1.0, -4.0, -1.25, -1.0, 1.0, 1.4000000000000001, 0.9999999999999999, 2.714285714285714, -2.7368421052631584, 1.0576923076923077, -0.8909090909090908, 1.3469387755102042, -1.6060606060606062, -1.3962264150943395], "dtype": "float64", "shape": [17]}], [1.0, {"__ndarray__": [-1.0, -1.0, -1.0, -1.0, -1.0, 1.0], "dtype": "float64", "shape": [6]}], [73.0, {"__ndarray__": [-1.0, 1.0, -1.0, -2.0, -1.0, 1.5, -2.333333333333333, -1.8571428571428572, -1.0, 1.0, -1.3846153846153846, 1.6666666666666665, 2.133333333333333, 1.7500000000000002, 4.625, -0.14092664092664098], "dtype": "float64", "shape": [16]}], [27.999999999999996, {"__ndarray__": [-1.0, 1.0, -2.0, 1.5, -1.0, -2.0, 1.0, -1.0, 1.3333333333333333, 1.9999999999999998, -1.75], "dtype": "float64", "shape": [11]}], [-1.0, {"__ndarray__": [-1.0, -1.0, 2.0, 0.5, -2.0, 0.5], "dtype": "float64", "shape": [6]}], [1.0000000000000002, {"__ndarray__": [-1.0, -1.0, 2.0, -1.0, 1.0, 2.5, -1.2, 1.3333333333333333, 0.5, -0.25000000000000006], "dtype": "float64", "shape": [10]}], [-1.0, {"__ndarray__": [-1.0], "dtype": "float64", "shape": [1]}], [149.0, {"__ndarray__": [-1.0, -1.0, -2.0, 1.5, -1.3333333333333333, -1.0, -1.4999999999999998, -1.6666666666666667, 1.3, 2.3076923076923075, 1.8666666666666671, 0.857142857142857, 0.41666666666666674, -1.8999999999999995, 1.5263157894736854, -2.5689655172413786], "dtype": "float64", "shape": [16]}], [-1.0, {"__ndarray__": [-1.0, -1.0, 1.0, -3.0, 0.3333333333333333, -1.0], "dtype": "float64", "shape": [6]}], [-5.000000000000002, {"__ndarray__": [-1.0, -1.0, -1.0, 2.0, -1.5, -1.0, 1.3333333333333333, 1.4999999999999998, 1.6666666666666665, -1.0, 0.40000000000000013, -1.2500000000000004, 0.9999999999999998], "dtype": "float64", "shape": [13]}], [358.9999999999998, {"__ndarray__": [-1.0, -1.0, 2.0, -1.0, -2.0, -1.0, -1.25, 1.4, 3.2857142857142856, 1.4782608695652173, -1.7058823529411764, -1.793103448275862, -1.730769230769231, 3.0, 1.9999999999999998, -0.9527777777777776, -0.4829931972789114, -0.7223340040241448], "dtype": "float64", "shape": [18]}], [-2.0, {"__ndarray__": [-1.0, -1.0, -1.0, 1.0, 2.0, -1.0, -3.0, 1.0, -0.3333333333333333, 1.0], "dtype": "float64", "shape": [10]}], [0.0, {"__ndarray__": [-1.0, 1.0, -1.0, -1.0, -1.0, 1.0, -2.0, -1.0, -1.0, -0.5, 0.0], "dtype": "float64", "shape": [11]}], [-2.999999999999996, {"__ndarray__": [-1.0, -1.0, -1.0, -1.0, -2.0, 3.5, -1.8571428571428572, 1.076923076923077, 0.8571428571428572, -0.9999999999999993, -0.3333333333333334, 0.9999999999999992, 0.7499999999999998], "dtype": "float64", "shape": [13]}], [-2.0, {"__ndarray__": [-1.0, -1.0, -1.0, 1.0, 2.0, -2.0, -1.0, -0.5], "dtype": "float64", "shape": [8]}], [0.0, {"__ndarray__": [-1.0, -1.0, -1.0, 1.0, 2.0, -2.0, -1.25, 1.2, -2.0, -1.5, 3.333333333333333, 0.5333333333333335, 1.8750000000000004, 0.0], "dtype": "float64", "shape": [14]}], [-1.0, {"__ndarray__": [-1.0, -1.0, 1.0, 1.0, -1.0], "dtype": "float64", "shape": [5]}], [13.999999999999995, {"__ndarray__": [-1.0, -1.0, -2.0, -1.0, 1.0, -1.5, -2.0, 2.1666666666666665, 0.6923076923076924, -1.4444444444444442, 1.9230769230769236, -1.2, 0.49999999999999994, 0.9333333333333329], "dtype": "float64", "shape": [14]}], [0.0, {"__ndarray__": [-1.0, -1.0, -1.0, -1.0, -1.0, 1.0, 0.0], "dtype": "float64", "shape": [7]}], [-2.0, {"__ndarray__": [-1.0, -1.0, -2.0, -1.0, -1.0, -3.0, 0.3333333333333333], "dtype": "float64", "shape": [7]}], [0.0, {"__ndarray__": [-1.0, 0.0], "dtype": "float64", "shape": [2]}], [0.0, {"__ndarray__": [0.0], "dtype": "float64", "shape": [1]}], [13.0, {"__ndarray__": [-1.0, -1.0, 2.0, 1.0, -2.0, -1.5, -1.0, 1.0, 2.333333333333333, 1.642857142857143, -1.5652173913043474, -0.8055555555555557, 0.4482758620689655], "dtype": "float64", "shape": [13]}], [-7794.000000000004, {"__ndarray__": [-1.0, -1.0, -1.0, 2.0, 1.5, -1.0, 1.3333333333333333, -2.0, -1.5, -2.5, -2.7000000000000006, 1.222222222222222, -1.6565656565656564, -2.1585365853658542, 2.053672316384181, -1.4222833562585961, -2.0270793036750487, -1.585877862595421, 2.344765342960288], "dtype": "float64", "shape": [19]}], [-1.0, {"__ndarray__": [-1.0, -1.0, 1.0, 1.0, -2.0, -1.0, -1.0, -1.0, 1.0, -0.5, 1.0], "dtype": "float64", "shape": [11]}], [-1.0, {"__ndarray__": [-1.0], "dtype": "float64", "shape": [1]}], [0.0, {"__ndarray__": [0.0, 0.0, 0.0], "dtype": "float64",