{"results": [[0.0, {"__ndarray__": [-1.0, 0.0], "dtype": "float64", "shape": [2]}], [2.0, {"__ndarray__": [-1.0, -1.0, 0.0, 0.0, -1.0, -1.0, 0.0, 0.0, 0.0, -1.0, 0.0], "dtype": "float64", "shape": [11]}], [-373.0, {"__ndarray__": [-1.0, 0.0, -1.0, -1.0, 0.0, 0.0, 0.0, -1.0, -1.0, -1.0, 0.0, 0.0, -1.0, 0.0, -1.0, 0.0, 0.0], "dtype": "float64", "shape": [17]}], [0.0, {"__ndarray__": [0.0, 0.0], "dtype": "float64", "shape": [2]}], [-94.99999999999997, {"__ndarray__": [-1.0, -1.0, 0.0, 0.0, 0.0, 0.0, -1.0, -1.0, 0.0, -1.0, -1.0, -1.0, 0.0, 0.0], "dtype": "float64", "shape": [14]}], [8.00000000000001, {"__ndarray__": [-1.0, -1.0, 0.0, 0.0, 0.0, -1.0, 0.0, -1.0, -1.0, 0.0, 0.0, 0.0, 0.0, -1.0], "dtype": "float64", "shape": [14]}], [199.00000000000043, {"__ndarray__": [-1.0, -1.0, 0.0, 0.0, 0.0, -1.0, -1.0, 0.0, 0.0, 0.0, 0.0, 0.0, 0.0, 0.0, 0.0, 0.0, 0.0, -1.0], "dtype": "float64", "shape": [18]}], [225.0000000000001, {"__ndarray__": [-1.0, 0.0, -1.0, -1.0, 0.0, 0.0, -1.0, -1.0, 0.0, -1.0, -1.0, -1.0, -1.0, -1.0, -1.0, 0.0, 0.0], "dtype": "float64", "shape": [17]}], [-6.0, {"__ndarray__": [-1.0, 0.0, 0.0, -1.0, -1.0, -1.0, 0.0, 0.0], "dtype": "float64", "shape": [8]}], [-755.9999999999998, {"__ndarray__": [-1.0, -1.0, 0.0, -1.0, 0.0, -1.0, -1.0, 0.0, -1.0, -1.0, -1.0, -1.0, 0.0, -1.0, -1.0, 0.0], "dtype": "float64", "shape": [16]}], [378.99999999999994, {"__ndarray__": [-1.0, 0.0, -1.0, 0.0, -1.0, 0.0, 0.0, 0.0, -1.0, 0.0, -1.0, 0.0, 0.0, -1.0, 0.0, -1.0], "dtype": "float64", "shape": [16]}], [-6.000000000000002, {"__ndarray__": [-1.0, -1.0, -1.0, -1.0, -1.0, -1.0, 0.0, 0.0, -1.0, -1.0, 0.0, 0.0], "dtype": "float64", "shape": [12]}], [-5.0, {"__ndarray__": [-1.0, -1.0, 0.0, -1.0, 0.0, 0.0, -1.0, 0.0, -1.0, -1.0, -1.0, -1.0, -1.0], "dtype": "float64", "shape": [13]}], [24.999999999999986, {"__ndarray__": [-1.0, -1.0, -1.0, -1.0, 0.0, 0.0, 0.0, 0.0, -1.0, -1.0, 0.0, 0.0, 0.0], "dtype": "float64", "shape": [13]}], [0.0, {"__ndarray__": [-1.0, 0.0, 0.0, -1.0], "dtype": "float64", "shape": [4]}], [18.0, {"__ndarray__": [-1.0, 0.0, -1.0, -1.0, -1.0, -1.0, 0.0, 0.0, -1.0, 0.0, 0.0, 0.0, 0.0], "dtype": "float64", "shape": [13]}], [-21.0, {"__ndarray__": [-1.0, -1.0, -1.0, 0.0, 0.0, 0.0, -1.0, 0.0, -1.0, 0.0, 0.0], "dtype": "float64", "shape": [11]}], [-8.000000000000005, {"__ndarray__": [-1.0, 0.0, 0.0, -1.0, -1.0, 0.0, -1.0, -1.0, 0.0, 0.0, 0.0, 0.0, -1.0], "dtype": "float64", "shape": [13]}], [-1.0, {"__ndarray__": [-1.0, -1.0, -1.0, -1.0, -1.0, -1.0, -1.0], "dtype": "float64", "shape": [7]}], [147.99999999999997, {"__ndarray__": [-1.0, -1.0, 0.0, 0.0, -1.0, 0.0, -1.0, 0.0, -1.0, -1.0, 0.0, -1.0, -1.0, 0.0, -1.0, -1.0, -1.0], "dtype": "float64", "shape": [17]}], [1.0, {"__ndarray__": [-1.0, 0.0, 0.0, 0.0, -1.0, -1.0], "dtype": "float64", "shape": [6]}], [73.00000000000004, {"__ndarray__": [-1.0, -1.0, -1.0, 0.0, 0.0, 0.0, -1.0, 0.0, -1.0, -1.0, -1.0, -1.0, -1.0, 0.0, -1.0, -1.0], "dtype": "float64", "shape": [16]}], [27.999999999999996, {"__ndarray__": [-1.0, -1.0, 0.0, -1.0, -1.0, -1.0, -1.0, -1.0, -1.0, -1.0, -1.0], "dtype": "float64", "shape": [11]}], [-1.0, {"__ndarray__": [-1.0, 0.0, -1.0, 0.0, 0.0, -1.0], "dtype": "float64", "shape": [6]}], [0.9999999999999997, {"__ndarray__": [-1.0, 0.0, -1.0, 0.0, -1.0, -1.0, -1.0, 0.0, -1.0, 0.0], "dtype": "float64", "shape": [10]}], [-1.0, {"__ndarray__": [-1.0], "dtype": "float64", "shape": [1]}], [148.99999999999991, {"__ndarray__": [-1.0, 0.0, -1.0, -1.0, 0.0, -1.0, 0.0, 0.0, 0.0, 0.0, -1.0, -1.0, -1.0, -1.0, -1.0, 0.0], "dtype": "float64", "shape": [16]}], [-1.0, {"__ndarray__": [-1.0, 0.0, -1.0, 0.0, 0.0, 0.0], "dtype": "float64", "shape": [6]}], [-5.0, {"__ndarray__": [-1.0, -1.0, 0.0, -1.0, 0.0, -1.0, -1.0, 0.0, 0.0, -1.0, -1.0, 0.0, 0.0], "dtype": "float64", "shape": [13]}], [359.00000000000034, {"__ndarray__": [-1.0, 0.0, -1.0, 0.0, 0.0, 0.0, -1.0, -1.0, 0.0, 0.0, 0.0, -1.0, 0.0, 0.0, -1.0, -1.0, -1.0, -1.0], "dtype": "float64", "shape": [18]}], [-2.0, {"__ndarray__": [-1.0, 0.0, 0.0, 0.0, -1.0, 0.0, -1.0, -1.0, 0.0, -1.0], "dtype": "float64", "shape": [10]}], [0.0, {"__ndarray__": [-1.0, -1.0, -1.0, 0.0, 0.0, -1.0, -1.0, -1.0, -1.0, 0.0, 0.0], "dtype": "float64", "shape": [11]}], [-3.000000000000001, {"__ndarray__": [-1.0, 0.0, -1.0, 0.0, -1.0, -1.0, 0.0, 0.0, -1.0, -1.0, 0.0, 0.0, -1.0], "dtype": "float64", "shape": [13]}], [-2.0, {"__ndarray__": [-1.0, 0.0, -1.0, -1.0, -1.0, -1.0, -1.0, 0.0], "dtype": "float64", "shape": [8]}], [-6.6613381477509424e-15, {"__ndarray__": [-1.0, 0.0, 0.0, 0.0, 0.0, -1.0, 0.0, 0.0, 0.0, -1.0, -1.0, 0.0, -1.0, -1.0], "dtype": "float64", "shape": [14]}], [-1.0, {"__ndarray__": [-1.0, 0.0, -1.0, -1.0, 0.0], "dtype": "float64", "shape": [5]}], [13.999999999999991, {"__ndarray__": [-1.0, 0.0, -1.0, 0.0, 0.0, 0.0, 0.0, 0.0, 0.0, 0.0, -1.0, -1.0, 0.0, 0.0], "dtype": "float64", "shape": [14]}], [0.0, {"__ndarray__": [-1.0, 0.0, -1.0, -1.0, 0.0, -1.0, -1.0], "dtype": "float64", "shape": [7]}], [-2.0, {"__ndarray__": [-1.0, 0.0, -1.0, 0.0, -1.0, -1.0, 0.0], "dtype": "float64", "shape": [7]}], [0.0, {"__ndarray__": [-1.0, 0.0], "dtype": "float64", "shape": [2]}], [0.0, {"__ndarray__": [0.0], "dtype": "float64", "shape": [1]}], [13.0, {"__ndarray__": [-1.0, 0.0, -1.0, -1.0, 0.0, -1.0, 0.0, 0.0, -1.0, 0.0, -1.0, -1.0, 0.0], "dtype": "float64", "shape": [13]}], [-7793.999999999994, {"__ndarray__": [-1.0, 0.0, -1.0, -1.0, -1.0, -1.0, -1.0, 0.0, 0.0, 0.0, 0.0, -1.0, -1.0, -1.0, -1.0, 0.0, -1.0, -1.0, -1.0], "dtype": "float64", "shape": [19]}], [-1.0, {"__ndarray__": [-1.0, -1.0, -1.0, -1.0, 0.0, -1.0, -1.0, -1.0, -1.0, 0.0, -1.0], "dtype": "float64", "shape": [11]}], [-1.0, {"__ndarray__": [-1.0], "dtype": "float64", "shape": [1]}], [0.0, {"__ndarray__": [0.0, 0.0, 0.0], "dtype": "float64", "shape": [3]}], [-20.0, {"__ndarray__": [-1.0, 0.0, -1.0, 0.0, 0.0, 0.0, 0.0, 0.0, 0.0, -1.0, 0.0, 0.0], "dtype": "float64", "shape": [12]}], [0.0, {"__ndarray__": [-1.0, 0.0, 0.0, 0.0, 0.0, 0.0, 0.0, 0.0], "dtype": "float64", "shape": [8]}], [0.0, {"__ndarray__": [-1.0, 0.0, 0.0, 0.0, 0.0, -1.0, 0.0, 0.0], "dtype": "float64", "shape": [8]}], [1.0, {"__ndarray__": [-1.0, 0.0, 0.0], "dtype": "float64", "shape": [3]}], [-8.000000000000021, {"__ndarray__": [-1.0, 0.0, -1.0, -1.0, 0.0, 0.0, 0.0, 0.0, 0.0, -1.0, 0.0, -1.0], "dtype": "float64", "shape": [12]}], [-4.0, {"__ndarray__": [-1.0, 0.0, 0.0, 0.0, -1.0, -1.0, 0.0, -1.0, 0.0, -1.0, 0.0], "dtype": "float64", "shape": [11]}], [0.0, {"__ndarray__": [-1.0, -1.0, 0.0, 0.0, -1.0, -1.0, 0.0, -1.0, 0.0], "dtype": "float64", "shape": [9]}], [-1.0, {"__ndarray__": [-1.0], "dtype": "float64", "shape": [1]}], [0.0, {"__ndarray__": [-1.0, 0.0, 0.0, -1.0], "dtype": "float64", "shape": [4]}], [-2.0000000000000147, {"__ndarray__": [-1.0, -1.0, 0.0, -1.0, -1.0, -1.0, -1.0, 0.0, -1.0, -1.0, -1.0, -1.0, 0.0, -1.0], "dtype": "float64", "shape": [14]}], [0.0, {"__ndarray__": [-1.0, 0.0, -1.0, 0.0, 0.0, -1.0, -1.0, 0.0, 0.0, -1.0], "dtype": "float64", "shape": [10]}], [-17.000000000000007, {"__ndarray__": [-1.0, -1.0, 0.0, 0.0, -1.0, 0.0, 0.0, 0.0, -1.0, -1.0, -1.0, 0.0, -1.0, -1.0, 0.0], "dtype": "float64", "shape": [15]}], [-510.00000000000017, {"__ndarray__": [-1.0, -1.0, -1.0, 0.0, 0.0, -1.0, 0.0, -1.0, -1.0, 0.0, -1.0, 0.0, 0.0, 0.0, -1.0], "dtype": "float64", "shape": [15]}], [-1.0, {"__ndarray__": [-1.0, 0.0, 0.0, 0.0], "dtype": "float64", "shape": [4]}], [26.999999999999996, {"__ndarray__": [-1.0, 0.0, 0.0, -1.0, 0.0, 0.0, 0.0, -1.0, -1.0, -1.0, -1.0, -1.0, 0.0, 0.0], "dtype": "float64", "shape": [14]}], [0.0, {"__ndarray__": [-1.0, -1.0, -1.0, 0.0, 0.0], "dtype": "float64", "shape": [5]}], [0.0, {"__ndarray__": [0.0, 0.0], "dtype": "float64", "shape": [2]}], [-96.00000000000007, {"__ndarray__": [-1.0, 0.0, -1.0, 0.0, 0.0, 0.0, 0.0, -1.0, 0.0, 0.0, 0.0, 0.0, 0.0, 0.0, -1.0], "dtype": "float64", "shape": [15]}], [107.9999999999999, {"__ndarray__": [-1.0, -1.0, -1.0, 0.0, -1.0, -1.0, 0.0, -1.0, -1.0, 0.0, 0.0, -1.0, -1.0, -1.0, -1.0, 0.0, 0.0], "dtype": "float64",